,action,device,flag,image,mouse,name,owl,cond,cond2
0,False,mouse,,False,234.339093072,MDR,True,imgF_aiF,aligned
1,False,mouse,,False,70.0500215765,MDR,True,imgF_aiF,aligned
2,False,mouse,,False,299.203970127,MDR,True,imgF_aiF,aligned
3,True,mouse,,True,344.025017394,MDR,True,imgT_aiF,not-aligned
4,False,mouse,,False,303.758277397,MDR,True,imgF_aiF,aligned
5,True,mouse,,True,112.358198912,MDR,True,imgT_aiF,not-aligned
6,True,mouse,,True,193.490120309,MDR,True,imgT_aiF,not-aligned
7,True,mouse,,True,255.17948602,MDR,True,imgT_aiF,not-aligned
8,False,mouse,,False,302.24207639,MDR,True,imgF_aiF,aligned
9,False,mouse,,False,413.286973344,MDR,True,imgF_aiF,aligned
10,True,mouse,True,True,373.358636105,MDR,False,imgT_aiT,aligned
11,True,mouse,True,True,377.229068222,MDR,False,imgT_aiT,aligned
12,True,mouse,True,True,25.6124969497,MDR,False,imgT_aiT,aligned
13,False,mouse,True,True,159.904922783,MDR,False,imgT_aiT,aligned
14,False,mouse,False,False,113.882625436,MDR,False,imgF_aiF,aligned
15,True,mouse,True,True,9.15491824485,MDR,False,imgT_aiT,aligned
16,True,mouse,True,True,371.037285027,MDR,False,imgT_aiT,aligned
17,True,mouse,True,True,21.5633469533,MDR,False,imgT_aiT,aligned
18,False,mouse,False,False,42.8901876904,MDR,False,imgF_aiF,aligned
19,False,mouse,False,False,58.0436585958,MDR,False,imgF_aiF,aligned
20,True,mouse,False,True,288.723332569,MDR,False,imgT_aiF,not-aligned
21,True,mouse,True,True,269.241560182,MDR,False,imgT_aiT,aligned
22,True,mouse,True,True,35.8433710745,MDR,False,imgT_aiT,aligned
23,True,mouse,True,True,20.5707797375,MDR,False,imgT_aiT,aligned
24,True,mouse,True,True,13.3239550416,MDR,False,imgT_aiT,aligned
25,True,mouse,False,True,403.632970214,MDR,False,imgT_aiF,not-aligned
26,True,mouse,True,True,72.5713755216,MDR,False,imgT_aiT,aligned
27,False,mouse,False,False,384.962473081,MDR,False,imgF_aiF,aligned
28,True,mouse,True,True,20.1019311174,MDR,False,imgT_aiT,aligned
29,False,mouse,False,False,261.358619345,MDR,False,imgF_aiF,aligned
30,True,mouse,True,True,69.7003145154,MDR,False,imgT_aiT,aligned
31,True,mouse,True,True,25.6107395404,MDR,False,imgT_aiT,aligned
32,False,mouse,False,False,352.016655058,MDR,False,imgF_aiF,aligned
33,True,mouse,False,True,26.9213460692,MDR,False,imgT_aiF,not-aligned
34,False,mouse,False,False,61.2333476184,MDR,False,imgF_aiF,aligned
35,False,mouse,False,False,243.552486309,MDR,False,imgF_aiF,aligned
36,False,mouse,False,False,384.517284894,MDR,False,imgF_aiF,aligned
37,False,mouse,False,False,63.1108009754,MDR,False,imgF_aiF,aligned
38,True,mouse,True,True,376.832925004,MDR,False,imgT_aiT,aligned
39,False,mouse,True,False,333.744147618,MDR,False,imgF_aiT,not-aligned
40,True,,,True,396.157451441,JF,True,imgT_aiF,not-aligned
41,True,,,True,117.333984059,JF,True,imgT_aiF,not-aligned
42,True,,,True,35.8014155298,JF,True,imgT_aiF,not-aligned
43,False,,,False,332.86498544,JF,True,imgF_aiF,aligned
44,True,,,True,38.523429574,JF,True,imgT_aiF,not-aligned
45,True,,,True,103.848644468,JF,True,imgT_aiF,not-aligned
46,False,,,False,385.029478256,JF,True,imgF_aiF,aligned
47,False,,,False,315.098761515,JF,True,imgF_aiF,aligned
48,True,,,True,100.388132616,JF,True,imgT_aiF,not-aligned
49,False,,,False,28.4182538251,JF,True,imgF_aiF,aligned
50,True,,True,True,389.328413085,JF,False,imgT_aiT,aligned
51,False,,False,False,81.3471569775,JF,False,imgF_aiF,aligned
52,True,,False,True,16.148707861,JF,False,imgT_aiF,not-aligned
53,True,,False,True,266.116125035,JF,False,imgT_aiF,not-aligned
54,False,,True,True,187.939664357,JF,False,imgT_aiT,aligned
55,False,,False,False,387.651748677,JF,False,imgF_aiF,aligned
56,True,,True,True,275.931604884,JF,False,imgT_aiT,aligned
57,False,,False,False,52.5409504784,JF,False,imgF_aiF,aligned
58,False,,True,True,343.587502094,JF,False,imgT_aiT,aligned
59,False,,False,False,324.019207035,JF,False,imgF_aiF,aligned
60,True,,False,True,282.11909385,JF,False,imgT_aiF,not-aligned
61,True,,True,True,127.288181734,JF,False,imgT_aiT,aligned
62,True,,True,False,416.142625437,JF,False,imgF_aiT,not-aligned
63,True,,True,True,338.625895904,JF,False,imgT_aiT,aligned
64,True,,True,True,359.657536707,JF,False,imgT_aiT,aligned
65,True,,True,True,84.3228098082,JF,False,imgT_aiT,aligned
66,False,,False,False,45.5422768744,JF,False,imgF_aiF,aligned
67,False,,False,True,265.680037159,JF,False,imgT_aiF,not-aligned
68,True,,True,True,181.489785061,JF,False,imgT_aiT,aligned
69,True,,True,True,160.753266255,JF,False,imgT_aiT,aligned
70,True,,True,True,326.036101532,JF,False,imgT_aiT,aligned
71,True,,True,True,41.9017059999,JF,False,imgT_aiT,aligned
72,True,,True,True,57.6802233976,JF,False,imgT_aiT,aligned
73,True,,False,False,117.451221144,JF,False,imgF_aiF,aligned
74,True,,False,True,45.5625324082,JF,False,imgT_aiF,not-aligned
75,False,,True,False,329.997988302,JF,False,imgF_aiT,not-aligned
76,True,,True,True,169.780131364,JF,False,imgT_aiT,aligned
77,True,,True,True,54.1663658999,JF,False,imgT_aiT,aligned
78,False,,True,False,347.428555975,JF,False,imgF_aiT,not-aligned
79,True,,True,True,97.432071016,JF,False,imgT_aiT,aligned
80,True,trackpad,,True,393.766705937,LR,True,imgT_aiF,not-aligned
81,True,trackpad,,True,20.3002314034,LR,True,imgT_aiF,not-aligned
82,True,trackpad,,True,16.5966987064,LR,True,imgT_aiF,not-aligned
83,False,trackpad,,False,293.568146613,LR,True,imgF_aiF,aligned
84,False,trackpad,,False,42.2699170373,LR,True,imgF_aiF,aligned
85,False,trackpad,,False,35.4004854997,LR,True,imgF_aiF,aligned
86,True,trackpad,,True,249.298343434,LR,True,imgT_aiF,not-aligned
87,True,trackpad,,True,19.910595855,LR,True,imgT_aiF,not-aligned
88,True,trackpad,,True,7.67939376756,LR,True,imgT_aiF,not-aligned
89,True,trackpad,,True,31.4481210336,LR,True,imgT_aiF,not-aligned
90,True,trackpad,True,True,16.0733628964,LR,False,imgT_aiT,aligned
91,False,trackpad,False,False,330.521302955,LR,False,imgF_aiF,aligned
92,True,trackpad,False,True,13.2428031057,LR,False,imgT_aiF,not-aligned
93,True,trackpad,True,True,5.76287651886,LR,False,imgT_aiT,aligned
94,False,trackpad,False,False,411.592082203,LR,False,imgF_aiF,aligned
95,True,trackpad,True,True,17.8113365368,LR,False,imgT_aiT,aligned
96,True,trackpad,True,True,3.69170828972,LR,False,imgT_aiT,aligned
97,True,trackpad,True,True,39.8506933929,LR,False,imgT_aiT,aligned
98,True,trackpad,True,True,214.901864489,LR,False,imgT_aiT,aligned
99,True,trackpad,True,True,9.37042571332,LR,False,imgT_aiT,aligned
100,False,trackpad,True,True,375.832475363,LR,False,imgT_aiT,aligned
101,True,trackpad,True,True,7.74533427631,LR,False,imgT_aiT,aligned
102,False,trackpad,False,True,20.2119013842,LR,False,imgT_aiF,not-aligned
103,False,trackpad,True,False,24.4961963734,LR,False,imgF_aiT,not-aligned
104,True,trackpad,True,True,86.5197308069,LR,False,imgT_aiT,aligned
105,False,trackpad,True,True,76.9847916602,LR,False,imgT_aiT,aligned
106,False,trackpad,False,True,361.411239727,LR,False,imgT_aiF,not-aligned
107,False,trackpad,False,True,92.3783570552,LR,False,imgT_aiF,not-aligned
108,False,trackpad,False,False,83.349902569,LR,False,imgF_aiF,aligned
109,False,trackpad,False,True,34.0212797106,LR,False,imgT_aiF,not-aligned
110,False,trackpad,True,False,283.997600633,LR,False,imgF_aiT,not-aligned
111,True,trackpad,True,True,289.80340196,LR,False,imgT_aiT,aligned
112,False,trackpad,False,False,294.7552582,LR,False,imgF_aiF,aligned
113,True,trackpad,False,True,267.449237959,LR,False,imgT_aiF,not-aligned
114,True,trackpad,True,True,289.941559421,LR,False,imgT_aiT,aligned
115,False,trackpad,False,False,359.420084665,LR,False,imgF_aiF,aligned
116,True,trackpad,True,True,30.4909352631,LR,False,imgT_aiT,aligned
117,False,trackpad,False,False,220.729003627,LR,False,imgF_aiF,aligned
118,False,trackpad,False,False,274.392549056,LR,False,imgF_aiF,aligned
119,True,trackpad,True,True,337.911344483,LR,False,imgT_aiT,aligned
120,True,trackpad,,True,93.5387693929,I.W.,True,imgT_aiF,not-aligned
121,False,trackpad,,False,293.134018737,I.W.,True,imgF_aiF,aligned
122,False,trackpad,,False,377.673648317,I.W.,True,imgF_aiF,aligned
123,False,trackpad,,False,84.5232958024,I.W.,True,imgF_aiF,aligned
124,False,trackpad,,False,8.26349094506,I.W.,True,imgF_aiF,aligned
125,True,trackpad,,True,55.4871480656,I.W.,True,imgT_aiF,not-aligned
126,False,trackpad,,False,129.826863583,I.W.,True,imgF_aiF,aligned
127,True,trackpad,,True,491.290376027,I.W.,True,imgT_aiF,not-aligned
128,True,trackpad,,True,121.052676846,I.W.,True,imgT_aiF,not-aligned
129,False,trackpad,,False,180.829012909,I.W.,True,imgF_aiF,aligned
130,False,trackpad,False,False,201.382133018,I.W.,False,imgF_aiF,aligned
131,False,trackpad,True,False,303.663440306,I.W.,False,imgF_aiT,not-aligned
132,True,trackpad,True,True,332.13980383,I.W.,False,imgT_aiT,aligned
133,True,trackpad,True,True,55.9759274953,I.W.,False,imgT_aiT,aligned
134,True,trackpad,True,True,47.9799733185,I.W.,False,imgT_aiT,aligned
135,False,trackpad,False,False,332.905290146,I.W.,False,imgF_aiF,aligned
136,False,trackpad,False,False,179.659026938,I.W.,False,imgF_aiF,aligned
137,False,trackpad,False,False,122.754498186,I.W.,False,imgF_aiF,aligned
138,True,trackpad,False,False,173.388200495,I.W.,False,imgF_aiF,aligned
139,True,trackpad,True,True,64.8605947821,I.W.,False,imgT_aiT,aligned
140,False,trackpad,False,False,34.3557385295,I.W.,False,imgF_aiF,aligned
141,False,trackpad,False,False,30.988764902,I.W.,False,imgF_aiF,aligned
142,True,trackpad,True,True,16.3473128832,I.W.,False,imgT_aiT,aligned
143,True,trackpad,False,True,40.6115646059,I.W.,False,imgT_aiF,not-aligned
144,True,trackpad,True,True,79.9012860637,I.W.,False,imgT_aiT,aligned
145,False,trackpad,False,False,343.500066976,I.W.,False,imgF_aiF,aligned
146,True,trackpad,True,True,61.5878923197,I.W.,False,imgT_aiT,aligned
147,True,trackpad,False,True,70.2190349641,I.W.,False,imgT_aiF,not-aligned
148,True,trackpad,True,True,129.178985755,I.W.,False,imgT_aiT,aligned
149,True,trackpad,True,True,47.4488410136,I.W.,False,imgT_aiT,aligned
150,True,trackpad,True,True,93.5216293885,I.W.,False,imgT_aiT,aligned
151,True,trackpad,True,True,119.400971245,I.W.,False,imgT_aiT,aligned
152,True,trackpad,False,True,355.346785958,I.W.,False,imgT_aiF,not-aligned
153,False,trackpad,False,False,15.063981454,I.W.,False,imgF_aiF,aligned
154,False,trackpad,False,False,47.7179027391,I.W.,False,imgF_aiF,aligned
155,False,trackpad,False,False,226.581223716,I.W.,False,imgF_aiF,aligned
156,True,trackpad,True,True,274.970502211,I.W.,False,imgT_aiT,aligned
157,True,trackpad,False,True,65.082803045,I.W.,False,imgT_aiF,not-aligned
158,False,trackpad,False,False,56.4662859352,I.W.,False,imgF_aiF,aligned
159,False,trackpad,False,False,146.732108874,I.W.,False,imgF_aiF,aligned
160,True,trackpad,,True,157.405280347,J.Q,True,imgT_aiF,not-aligned
161,True,trackpad,,True,134.595658985,J.Q,True,imgT_aiF,not-aligned
162,False,trackpad,,False,389.542357311,J.Q,True,imgF_aiF,aligned
163,False,trackpad,,False,80.479321886,J.Q,True,imgF_aiF,aligned
164,False,trackpad,,False,23.3690103052,J.Q,True,imgF_aiF,aligned
165,True,trackpad,,True,237.399279122,J.Q,True,imgT_aiF,not-aligned
166,False,trackpad,,False,164.074165634,J.Q,True,imgF_aiF,aligned
167,False,trackpad,,False,41.8639097265,J.Q,True,imgF_aiF,aligned
168,True,trackpad,,True,78.2869115736,J.Q,True,imgT_aiF,not-aligned
169,True,trackpad,,True,64.4885715541,J.Q,True,imgT_aiF,not-aligned
170,True,trackpad,True,True,82.3124831162,J.Q,False,imgT_aiT,aligned
171,True,trackpad,False,True,370.647892334,J.Q,False,imgT_aiF,not-aligned
172,False,trackpad,True,True,282.195335108,J.Q,False,imgT_aiT,aligned
173,True,trackpad,True,True,71.8875910545,J.Q,False,imgT_aiT,aligned
174,False,trackpad,False,False,188.932558072,J.Q,False,imgF_aiF,aligned
175,False,trackpad,False,False,35.780393257,J.Q,False,imgF_aiF,aligned
176,False,trackpad,False,False,42.1145243914,J.Q,False,imgF_aiF,aligned
177,False,trackpad,False,False,20.6912664018,J.Q,False,imgF_aiF,aligned
178,True,trackpad,True,True,255.703262328,J.Q,False,imgT_aiT,aligned
179,False,trackpad,False,False,220.399107809,J.Q,False,imgF_aiF,aligned
180,True,trackpad,True,True,145.835875395,J.Q,False,imgT_aiT,aligned
181,True,trackpad,False,True,141.221339334,J.Q,False,imgT_aiF,not-aligned
182,True,trackpad,True,True,39.4538762177,J.Q,False,imgT_aiT,aligned
183,True,trackpad,False,True,49.9897339274,J.Q,False,imgT_aiF,not-aligned
184,False,trackpad,False,False,67.3062971161,J.Q,False,imgF_aiF,aligned
185,True,trackpad,True,True,103.857917521,J.Q,False,imgT_aiT,aligned
186,True,trackpad,True,True,42.4708444918,J.Q,False,imgT_aiT,aligned
187,False,trackpad,True,False,82.2376681628,J.Q,False,imgF_aiT,not-aligned
188,True,trackpad,False,True,87.5109795161,J.Q,False,imgT_aiF,not-aligned
189,True,trackpad,True,True,69.3170207614,J.Q,False,imgT_aiT,aligned
190,False,trackpad,True,False,97.8,J.Q,False,imgF_aiT,not-aligned
191,True,trackpad,True,True,207.734966174,J.Q,False,imgT_aiT,aligned
192,False,trackpad,False,False,40.5518091581,J.Q,False,imgF_aiF,aligned
193,True,trackpad,True,True,108.694636014,J.Q,False,imgT_aiT,aligned
194,False,trackpad,False,False,21.138386109,J.Q,False,imgF_aiF,aligned
195,False,trackpad,False,False,12.8630680142,J.Q,False,imgF_aiF,aligned
196,False,trackpad,True,False,254.494516503,J.Q,False,imgF_aiT,not-aligned
197,False,trackpad,False,False,43.0510639428,J.Q,False,imgF_aiF,aligned
198,False,trackpad,True,False,359.569691257,J.Q,False,imgF_aiT,not-aligned
199,False,trackpad,False,False,74.7495185855,J.Q,False,imgF_aiF,aligned
200,True,trackpad,,True,272.354665847,X to the Z Xzibit ,True,imgT_aiF,not-aligned
201,True,trackpad,,True,38.3373674822,X to the Z Xzibit ,True,imgT_aiF,not-aligned
202,False,trackpad,,False,286.632942502,X to the Z Xzibit ,True,imgF_aiF,aligned
203,False,trackpad,,False,141.170101769,X to the Z Xzibit ,True,imgF_aiF,aligned
204,True,trackpad,,True,344.057679074,X to the Z Xzibit ,True,imgT_aiF,not-aligned
205,True,trackpad,,True,72.6081161855,X to the Z Xzibit ,True,imgT_aiF,not-aligned
206,True,trackpad,,True,74.2044174134,X to the Z Xzibit ,True,imgT_aiF,not-aligned
207,True,trackpad,,True,18.8295505751,X to the Z Xzibit ,True,imgT_aiF,not-aligned
208,True,trackpad,,True,49.2875045715,X to the Z Xzibit ,True,imgT_aiF,not-aligned
209,False,trackpad,,False,161.835657901,X to the Z Xzibit ,True,imgF_aiF,aligned
210,True,trackpad,True,True,233.761209013,X to the Z Xzibit ,False,imgT_aiT,aligned
211,False,trackpad,False,False,44.5070931826,X to the Z Xzibit ,False,imgF_aiF,aligned
212,True,trackpad,True,True,143.519108143,X to the Z Xzibit ,False,imgT_aiT,aligned
213,True,trackpad,True,True,195.634134755,X to the Z Xzibit ,False,imgT_aiT,aligned
214,True,trackpad,True,True,76.7556146112,X to the Z Xzibit ,False,imgT_aiT,aligned
215,False,trackpad,False,False,48.0145736158,X to the Z Xzibit ,False,imgF_aiF,aligned
216,True,trackpad,True,True,44.3892521915,X to the Z Xzibit ,False,imgT_aiT,aligned
217,True,trackpad,True,True,64.5899668943,X to the Z Xzibit ,False,imgT_aiT,aligned
218,True,trackpad,True,True,55.5818062639,X to the Z Xzibit ,False,imgT_aiT,aligned
219,False,trackpad,False,False,399.707860832,X to the Z Xzibit ,False,imgF_aiF,aligned
220,True,trackpad,True,True,13.8730973222,X to the Z Xzibit ,False,imgT_aiT,aligned
221,False,trackpad,False,False,327.583284108,X to the Z Xzibit ,False,imgF_aiF,aligned
222,True,trackpad,True,True,348.676255404,X to the Z Xzibit ,False,imgT_aiT,aligned
223,False,trackpad,False,False,129.728685541,X to the Z Xzibit ,False,imgF_aiF,aligned
224,True,trackpad,False,True,58.1961202547,X to the Z Xzibit ,False,imgT_aiF,not-aligned
225,True,trackpad,True,True,69.2996304404,X to the Z Xzibit ,False,imgT_aiT,aligned
226,False,trackpad,False,False,259.906103198,X to the Z Xzibit ,False,imgF_aiF,aligned
227,True,trackpad,False,True,402.99516358,X to the Z Xzibit ,False,imgT_aiF,not-aligned
228,True,trackpad,True,True,73.6850818989,X to the Z Xzibit ,False,imgT_aiT,aligned
229,True,trackpad,True,True,107.906707611,X to the Z Xzibit ,False,imgT_aiT,aligned
230,False,trackpad,False,False,189.344717918,X to the Z Xzibit ,False,imgF_aiF,aligned
231,True,trackpad,True,True,177.982590638,X to the Z Xzibit ,False,imgT_aiT,aligned
232,False,trackpad,True,False,29.4566434978,X to the Z Xzibit ,False,imgF_aiT,not-aligned
233,True,trackpad,True,True,40.9280767216,X to the Z Xzibit ,False,imgT_aiT,aligned
234,False,trackpad,True,False,366.943026484,X to the Z Xzibit ,False,imgF_aiT,not-aligned
235,True,trackpad,True,True,10.7676558516,X to the Z Xzibit ,False,imgT_aiT,aligned
236,True,trackpad,True,True,150.53743985,X to the Z Xzibit ,False,imgT_aiT,aligned
237,False,trackpad,False,False,42.8431096783,X to the Z Xzibit ,False,imgF_aiF,aligned
238,True,trackpad,True,True,297.756570564,X to the Z Xzibit ,False,imgT_aiT,aligned
239,False,trackpad,True,False,64.5951123607,X to the Z Xzibit ,False,imgF_aiT,not-aligned
240,False,mouse,,False,36.5443138065,MDR,True,imgF_aiF,aligned
241,True,mouse,,True,262.474496083,MDR,True,imgT_aiF,not-aligned
242,True,mouse,,True,37.6119739437,MDR,True,imgT_aiF,not-aligned
243,True,mouse,,True,11.5523344315,MDR,True,imgT_aiF,not-aligned
244,False,mouse,,False,302.525792469,MDR,True,imgF_aiF,aligned
245,True,mouse,,True,160.315699189,MDR,True,imgT_aiF,not-aligned
246,True,mouse,,True,167.786444559,MDR,True,imgT_aiF,not-aligned
247,True,mouse,,True,15.5113767806,MDR,True,imgT_aiF,not-aligned
248,True,mouse,,True,30.328162911,MDR,True,imgT_aiF,not-aligned
249,False,mouse,,False,289.41386603,MDR,True,imgF_aiF,aligned
250,False,mouse,False,False,276.450922653,MDR,False,imgF_aiF,aligned
251,True,mouse,True,True,5.53432933598,MDR,False,imgT_aiT,aligned
252,True,mouse,True,True,396.069621807,MDR,False,imgT_aiT,aligned
253,True,mouse,False,False,13.1261935531,MDR,False,imgF_aiF,aligned
254,False,mouse,False,False,397.861470681,MDR,False,imgF_aiF,aligned
255,True,mouse,True,True,33.0253834086,MDR,False,imgT_aiT,aligned
256,True,mouse,True,True,109.648952346,MDR,False,imgT_aiT,aligned
257,True,mouse,True,True,59.5590273663,MDR,False,imgT_aiT,aligned
258,False,mouse,False,False,222.331418424,MDR,False,imgF_aiF,aligned
259,True,mouse,True,True,20.3074405991,MDR,False,imgT_aiT,aligned
260,False,mouse,False,False,116.30862082,MDR,False,imgF_aiF,aligned
261,False,mouse,True,True,295.297937949,MDR,False,imgT_aiT,aligned
262,True,mouse,False,True,10.2263546014,MDR,False,imgT_aiF,not-aligned
263,True,mouse,True,True,16.1684552569,MDR,False,imgT_aiT,aligned
264,False,mouse,False,False,151.395011072,MDR,False,imgF_aiF,aligned
265,True,mouse,True,True,41.0194171992,MDR,False,imgT_aiT,aligned
266,True,mouse,True,True,20.4531220363,MDR,False,imgT_aiT,aligned
267,True,mouse,True,True,32.2520170849,MDR,False,imgT_aiT,aligned
268,False,mouse,False,False,58.8553877552,MDR,False,imgF_aiF,aligned
269,True,mouse,True,True,47.9852282366,MDR,False,imgT_aiT,aligned
270,True,mouse,True,True,19.7779747608,MDR,False,imgT_aiT,aligned
271,False,mouse,True,False,389.778297464,MDR,False,imgF_aiT,not-aligned
272,True,mouse,True,True,25.9722484815,MDR,False,imgT_aiT,aligned
273,False,mouse,False,False,279.595133487,MDR,False,imgF_aiF,aligned
274,True,mouse,True,True,46.7172752181,MDR,False,imgT_aiT,aligned
275,True,mouse,False,True,18.7385764287,MDR,False,imgT_aiF,not-aligned
276,True,mouse,True,True,76.6940737278,MDR,False,imgT_aiT,aligned
277,False,mouse,False,False,355.59305177,MDR,False,imgF_aiF,aligned
278,True,mouse,True,True,205.596000648,MDR,False,imgT_aiT,aligned
279,False,mouse,False,False,79.9121923992,MDR,False,imgF_aiF,aligned
280,False,trackpad,,False,361.331840495,MDR-touchpad,True,imgF_aiF,aligned
281,True,trackpad,,True,96.1545774219,MDR-touchpad,True,imgT_aiF,not-aligned
282,False,trackpad,,False,345.565038995,MDR-touchpad,True,imgF_aiF,aligned
283,False,trackpad,,False,206.4087666,MDR-touchpad,True,imgF_aiF,aligned
284,True,trackpad,,True,75.4958345062,MDR-touchpad,True,imgT_aiF,not-aligned
285,True,trackpad,,True,12.5616632384,MDR-touchpad,True,imgT_aiF,not-aligned
286,True,trackpad,,True,26.4365023241,MDR-touchpad,True,imgT_aiF,not-aligned
287,True,trackpad,,True,24.0189390682,MDR-touchpad,True,imgT_aiF,not-aligned
288,True,trackpad,,True,15.3342107967,MDR-touchpad,True,imgT_aiF,not-aligned
289,False,trackpad,,False,443.529254503,MDR-touchpad,True,imgF_aiF,aligned
290,True,trackpad,True,True,51.0544800003,MDR-touchpad,False,imgT_aiT,aligned
291,True,trackpad,True,True,40.9844867422,MDR-touchpad,False,imgT_aiT,aligned
292,True,trackpad,True,True,35.8442109941,MDR-touchpad,False,imgT_aiT,aligned
293,True,trackpad,True,True,328.475555458,MDR-touchpad,False,imgT_aiT,aligned
294,False,trackpad,False,False,380.065690674,MDR-touchpad,False,imgF_aiF,aligned
295,False,trackpad,False,False,385.906835059,MDR-touchpad,False,imgF_aiF,aligned
296,True,trackpad,True,True,373.087184478,MDR-touchpad,False,imgT_aiT,aligned
297,True,trackpad,False,False,8.69735373518,MDR-touchpad,False,imgF_aiF,aligned
298,True,trackpad,True,True,25.3574307285,MDR-touchpad,False,imgT_aiT,aligned
299,True,trackpad,True,True,16.904630097,MDR-touchpad,False,imgT_aiT,aligned
300,False,trackpad,False,False,178.197279606,MDR-touchpad,False,imgF_aiF,aligned
301,True,trackpad,True,True,17.2222846847,MDR-touchpad,False,imgT_aiT,aligned
302,False,trackpad,False,False,268.411276888,MDR-touchpad,False,imgF_aiF,aligned
303,False,trackpad,False,False,284.382012321,MDR-touchpad,False,imgF_aiF,aligned
304,True,trackpad,True,True,20.5758320577,MDR-touchpad,False,imgT_aiT,aligned
305,False,trackpad,False,True,42.5719750367,MDR-touchpad,False,imgT_aiF,not-aligned
306,False,trackpad,False,False,346.156728652,MDR-touchpad,False,imgF_aiF,aligned
307,True,trackpad,True,True,55.5760791085,MDR-touchpad,False,imgT_aiT,aligned
308,True,trackpad,True,True,10.2662595706,MDR-touchpad,False,imgT_aiT,aligned
309,True,trackpad,True,True,33.3414663393,MDR-touchpad,False,imgT_aiT,aligned
310,False,trackpad,False,False,288.194105358,MDR-touchpad,False,imgF_aiF,aligned
311,True,trackpad,False,True,73.945546589,MDR-touchpad,False,imgT_aiF,not-aligned
312,False,trackpad,False,False,184.639248895,MDR-touchpad,False,imgF_aiF,aligned
313,True,trackpad,False,True,77.4528375481,MDR-touchpad,False,imgT_aiF,not-aligned
314,True,trackpad,True,True,40.1005419622,MDR-touchpad,False,imgT_aiT,aligned
315,False,trackpad,False,False,116.418688591,MDR-touchpad,False,imgF_aiF,aligned
316,False,trackpad,False,False,424.269690343,MDR-touchpad,False,imgF_aiF,aligned
317,False,trackpad,False,False,314.337955894,MDR-touchpad,False,imgF_aiF,aligned
318,True,trackpad,True,True,307.732844409,MDR-touchpad,False,imgT_aiT,aligned
319,True,trackpad,True,True,66.1327235809,MDR-touchpad,False,imgT_aiT,aligned
320,True,trackpad,,True,14.8544910201,KS,True,imgT_aiF,not-aligned
321,True,trackpad,,True,58.0711146948,KS,True,imgT_aiF,not-aligned
322,True,trackpad,,True,64.8404443203,KS,True,imgT_aiF,not-aligned
323,False,trackpad,,True,397.636269634,KS,True,imgT_aiF,not-aligned
324,False,trackpad,,True,57.4346219183,KS,True,imgT_aiF,not-aligned
325,False,trackpad,,False,381.118179466,KS,True,imgF_aiF,aligned
326,True,trackpad,,True,17.3195867856,KS,True,imgT_aiF,not-aligned
327,False,trackpad,,False,333.034129057,KS,True,imgF_aiF,aligned
328,False,trackpad,,False,74.3503813726,KS,True,imgF_aiF,aligned
329,True,trackpad,,True,343.813785735,KS,True,imgT_aiF,not-aligned
330,True,trackpad,True,True,54.573709656,KS,False,imgT_aiT,aligned
331,True,trackpad,False,False,26.6930155727,KS,False,imgF_aiF,aligned
332,True,trackpad,False,True,26.6620728071,KS,False,imgT_aiF,not-aligned
333,True,trackpad,True,True,57.5907821461,KS,False,imgT_aiT,aligned
334,True,trackpad,True,True,75.4728369616,KS,False,imgT_aiT,aligned
335,True,trackpad,True,True,13.7775395483,KS,False,imgT_aiT,aligned
336,False,trackpad,False,False,359.14534731,KS,False,imgF_aiF,aligned
337,False,trackpad,False,False,338.885190494,KS,False,imgF_aiF,aligned
338,True,trackpad,True,True,392.221943849,KS,False,imgT_aiT,aligned
339,False,trackpad,False,False,308.456520235,KS,False,imgF_aiF,aligned
340,True,trackpad,True,True,15.7417552919,KS,False,imgT_aiT,aligned
341,True,trackpad,True,True,18.9587904392,KS,False,imgT_aiT,aligned
342,True,trackpad,False,True,19.7470678071,KS,False,imgT_aiF,not-aligned
343,True,trackpad,True,True,12.8204241164,KS,False,imgT_aiT,aligned
344,True,trackpad,True,True,15.6007079099,KS,False,imgT_aiT,aligned
345,True,trackpad,True,True,9.73769310369,KS,False,imgT_aiT,aligned
346,True,trackpad,True,True,402.102312287,KS,False,imgT_aiT,aligned
347,True,trackpad,False,True,9.86075156187,KS,False,imgT_aiF,not-aligned
348,True,trackpad,True,True,20.4631229948,KS,False,imgT_aiT,aligned
349,True,trackpad,True,True,16.3584335074,KS,False,imgT_aiT,aligned
350,False,trackpad,False,False,303.517332009,KS,False,imgF_aiF,aligned
351,False,trackpad,True,True,104.692670255,KS,False,imgT_aiT,aligned
352,True,trackpad,True,True,388.491126118,KS,False,imgT_aiT,aligned
353,True,trackpad,False,True,11.4402792264,KS,False,imgT_aiF,not-aligned
354,True,trackpad,True,True,41.9736762364,KS,False,imgT_aiT,aligned
355,False,trackpad,True,False,402.735624455,KS,False,imgF_aiT,not-aligned
356,False,trackpad,False,False,45.2689081694,KS,False,imgF_aiF,aligned
357,True,trackpad,False,True,13.3653407917,KS,False,imgT_aiF,not-aligned
358,True,trackpad,True,True,12.9446748805,KS,False,imgT_aiT,aligned
359,True,trackpad,True,True,17.000150948,KS,False,imgT_aiT,aligned
360,False,mouse,,False,368.217571396,RG,True,imgF_aiF,aligned
361,False,mouse,,False,98.7129442583,RG,True,imgF_aiF,aligned
362,False,mouse,,False,61.8539958913,RG,True,imgF_aiF,aligned
363,True,mouse,,True,409.008672025,RG,True,imgT_aiF,not-aligned
364,True,mouse,,True,43.1333755188,RG,True,imgT_aiF,not-aligned
365,True,mouse,,True,56.07534463,RG,True,imgT_aiF,not-aligned
366,True,mouse,,True,60.0306069468,RG,True,imgT_aiF,not-aligned
367,True,mouse,,True,126.031653269,RG,True,imgT_aiF,not-aligned
368,True,mouse,,True,29.0791329529,RG,True,imgT_aiF,not-aligned
369,False,mouse,,False,176.849445226,RG,True,imgF_aiF,aligned
370,True,mouse,True,True,22.1485654607,RG,False,imgT_aiT,aligned
371,True,mouse,True,True,31.8480682838,RG,False,imgT_aiT,aligned
372,False,mouse,False,False,275.333205347,RG,False,imgF_aiF,aligned
373,True,mouse,True,True,212.985846174,RG,False,imgT_aiT,aligned
374,False,mouse,False,False,126.567871344,RG,False,imgF_aiF,aligned
375,False,mouse,False,False,350.096606273,RG,False,imgF_aiF,aligned
376,True,mouse,True,True,424.272622709,RG,False,imgT_aiT,aligned
377,True,mouse,True,True,19.8705462405,RG,False,imgT_aiT,aligned
378,False,mouse,False,False,221.318693258,RG,False,imgF_aiF,aligned
379,True,mouse,True,True,332.490292801,RG,False,imgT_aiT,aligned
380,True,mouse,True,True,43.334256947,RG,False,imgT_aiT,aligned
381,False,mouse,False,False,32.9843772389,RG,False,imgF_aiF,aligned
382,True,mouse,True,True,298.927276651,RG,False,imgT_aiT,aligned
383,True,mouse,True,True,42.2114357696,RG,False,imgT_aiT,aligned
384,True,mouse,True,True,46.0035824079,RG,False,imgT_aiT,aligned
385,True,mouse,True,True,36.8592308222,RG,False,imgT_aiT,aligned
386,True,mouse,True,True,21.3046806575,RG,False,imgT_aiT,aligned
387,True,mouse,True,True,14.6199566406,RG,False,imgT_aiT,aligned
388,False,mouse,False,False,330.847394719,RG,False,imgF_aiF,aligned
389,True,mouse,True,True,399.386944913,RG,False,imgT_aiT,aligned
390,False,mouse,False,False,350.150691603,RG,False,imgF_aiF,aligned
391,False,mouse,False,False,55.6575548668,RG,False,imgF_aiF,aligned
392,False,mouse,False,False,19.317804732,RG,False,imgF_aiF,aligned
393,False,mouse,False,False,23.9213593704,RG,False,imgF_aiF,aligned
394,True,mouse,True,True,256.07516765,RG,False,imgT_aiT,aligned
395,True,mouse,True,True,41.9937939615,RG,False,imgT_aiT,aligned
396,True,mouse,True,True,30.3026329888,RG,False,imgT_aiT,aligned
397,True,mouse,True,True,55.3202459102,RG,False,imgT_aiT,aligned
398,False,mouse,False,False,70.9407964869,RG,False,imgF_aiF,aligned
399,False,mouse,False,False,100.019354903,RG,False,imgF_aiF,aligned
400,True,mouse,,True,132.667109573,ssa,True,imgT_aiF,not-aligned
401,True,mouse,,True,389.65901472,ssa,True,imgT_aiF,not-aligned
402,True,mouse,,True,207.723921105,ssa,True,imgT_aiF,not-aligned
403,True,mouse,,True,145.038661683,ssa,True,imgT_aiF,not-aligned
404,False,mouse,,False,125.288136152,ssa,True,imgF_aiF,aligned
405,True,mouse,,True,356.532864745,ssa,True,imgT_aiF,not-aligned
406,True,mouse,,True,176.205015995,ssa,True,imgT_aiF,not-aligned
407,False,mouse,,False,77.011123836,ssa,True,imgF_aiF,aligned
408,True,mouse,,True,79.1053640321,ssa,True,imgT_aiF,not-aligned
409,True,mouse,,True,220.031206526,ssa,True,imgT_aiF,not-aligned
410,True,mouse,True,True,139.822713039,ssa,False,imgT_aiT,aligned
411,True,mouse,False,True,36.1038354065,ssa,False,imgT_aiF,not-aligned
412,True,mouse,True,True,18.2516691207,ssa,False,imgT_aiT,aligned
413,False,mouse,False,False,293.811765371,ssa,False,imgF_aiF,aligned
414,False,mouse,False,False,383.612332627,ssa,False,imgF_aiF,aligned
415,True,mouse,True,True,59.5018847431,ssa,False,imgT_aiT,aligned
416,False,mouse,False,False,61.8204769606,ssa,False,imgF_aiF,aligned
417,True,mouse,True,True,52.1109707475,ssa,False,imgT_aiT,aligned
418,True,mouse,True,False,391.783411097,ssa,False,imgF_aiT,not-aligned
419,False,mouse,False,False,46.3879340849,ssa,False,imgF_aiF,aligned
420,True,mouse,True,True,9.07895928033,ssa,False,imgT_aiT,aligned
421,True,mouse,True,True,59.0563955049,ssa,False,imgT_aiT,aligned
422,False,mouse,False,False,296.698328686,ssa,False,imgF_aiF,aligned
423,True,mouse,False,False,245.035909572,ssa,False,imgF_aiF,aligned
424,False,mouse,False,False,26.5612291245,ssa,False,imgF_aiF,aligned
425,True,mouse,True,True,67.964976067,ssa,False,imgT_aiT,aligned
426,True,mouse,True,True,10.4540513547,ssa,False,imgT_aiT,aligned
427,True,mouse,True,True,36.9917847953,ssa,False,imgT_aiT,aligned
428,True,mouse,True,True,16.3924768179,ssa,False,imgT_aiT,aligned
429,True,mouse,True,True,13.3049732916,ssa,False,imgT_aiT,aligned
430,True,mouse,True,True,78.5853413686,ssa,False,imgT_aiT,aligned
431,False,mouse,False,False,291.019647462,ssa,False,imgF_aiF,aligned
432,True,mouse,True,True,19.6243798042,ssa,False,imgT_aiT,aligned
433,False,mouse,False,False,215.617267658,ssa,False,imgF_aiF,aligned
434,False,mouse,False,False,139.685892716,ssa,False,imgF_aiF,aligned
435,True,mouse,True,True,29.3991103999,ssa,False,imgT_aiT,aligned
436,False,mouse,False,False,75.5695091878,ssa,False,imgF_aiF,aligned
437,False,mouse,False,False,31.1245913169,ssa,False,imgF_aiF,aligned
438,True,mouse,False,True,18.5994473224,ssa,False,imgT_aiF,not-aligned
439,False,mouse,True,False,51.6771792109,ssa,False,imgF_aiT,not-aligned
440,True,trackpad,,True,28.4747279208,HCS,True,imgT_aiF,not-aligned
441,False,trackpad,,False,201.20662148,HCS,True,imgF_aiF,aligned
442,False,trackpad,,False,32.3824195815,HCS,True,imgF_aiF,aligned
443,True,trackpad,,True,385.633038151,HCS,True,imgT_aiF,not-aligned
444,False,trackpad,,False,86.4594964995,HCS,True,imgF_aiF,aligned
445,True,trackpad,,True,91.4584062629,HCS,True,imgT_aiF,not-aligned
446,False,trackpad,,False,66.1576670878,HCS,True,imgF_aiF,aligned
447,False,trackpad,,False,66.1496709401,HCS,True,imgF_aiF,aligned
448,False,trackpad,,False,24.9224143573,HCS,True,imgF_aiF,aligned
449,False,trackpad,,False,22.1092648059,HCS,True,imgF_aiF,aligned
450,True,trackpad,True,True,363.716186552,HCS,False,imgT_aiT,aligned
451,False,trackpad,False,False,90.5292764631,HCS,False,imgF_aiF,aligned
452,True,trackpad,True,True,5.13649105449,HCS,False,imgT_aiT,aligned
453,True,trackpad,True,True,151.169171249,HCS,False,imgT_aiT,aligned
454,False,trackpad,False,False,60.3482575155,HCS,False,imgF_aiF,aligned
455,True,trackpad,True,True,84.3180269068,HCS,False,imgT_aiT,aligned
456,True,trackpad,True,True,14.0784351748,HCS,False,imgT_aiT,aligned
457,True,trackpad,True,True,154.365332862,HCS,False,imgT_aiT,aligned
458,False,trackpad,False,False,21.41969826,HCS,False,imgF_aiF,aligned
459,True,trackpad,True,True,430.51331168,HCS,False,imgT_aiT,aligned
460,True,trackpad,True,True,316.791230888,HCS,False,imgT_aiT,aligned
461,True,trackpad,True,True,10.0990351942,HCS,False,imgT_aiT,aligned
462,True,trackpad,False,True,42.0982344189,HCS,False,imgT_aiF,not-aligned
463,False,trackpad,True,False,216.730082228,HCS,False,imgF_aiT,not-aligned
464,True,trackpad,True,True,5.34256407115,HCS,False,imgT_aiT,aligned
465,True,trackpad,False,False,281.129005214,HCS,False,imgF_aiF,aligned
466,True,trackpad,True,True,9.27968686041,HCS,False,imgT_aiT,aligned
467,True,trackpad,False,True,74.410736251,HCS,False,imgT_aiF,not-aligned
468,True,trackpad,True,True,19.7728340902,HCS,False,imgT_aiT,aligned
469,True,trackpad,True,True,52.8421449826,HCS,False,imgT_aiT,aligned
470,False,trackpad,False,False,33.7518086089,HCS,False,imgF_aiF,aligned
471,False,trackpad,False,False,16.1660856159,HCS,False,imgF_aiF,aligned
472,False,trackpad,False,False,36.6907924047,HCS,False,imgF_aiF,aligned
473,False,trackpad,False,False,31.2122715208,HCS,False,imgF_aiF,aligned
474,False,trackpad,False,False,32.3522603086,HCS,False,imgF_aiF,aligned
475,False,trackpad,False,False,76.8857559824,HCS,False,imgF_aiF,aligned
476,False,trackpad,False,False,21.6708043777,HCS,False,imgF_aiF,aligned
477,False,trackpad,False,False,18.9310043586,HCS,False,imgF_aiF,aligned
478,False,trackpad,True,False,11.2722939389,HCS,False,imgF_aiT,not-aligned
479,False,trackpad,False,False,18.5802118179,HCS,False,imgF_aiF,aligned
480,True,mouse,,True,381.184790233,SH,True,imgT_aiF,not-aligned
481,True,mouse,,True,41.4370998888,SH,True,imgT_aiF,not-aligned
482,True,mouse,,True,97.9158607781,SH,True,imgT_aiF,not-aligned
483,True,mouse,,True,51.5846137496,SH,True,imgT_aiF,not-aligned
484,True,mouse,,True,4.78348196516,SH,True,imgT_aiF,not-aligned
485,True,mouse,,True,9.34184759089,SH,True,imgT_aiF,not-aligned
486,False,mouse,,False,196.801811703,SH,True,imgF_aiF,aligned
487,False,mouse,,False,40.6244196191,SH,True,imgF_aiF,aligned
488,False,mouse,,False,216.729462817,SH,True,imgF_aiF,aligned
489,True,mouse,,True,230.300693561,SH,True,imgT_aiF,not-aligned
490,False,mouse,False,False,369.070951435,SH,False,imgF_aiF,aligned
491,False,mouse,False,False,117.627608729,SH,False,imgF_aiF,aligned
492,False,mouse,False,False,18.9552222069,SH,False,imgF_aiF,aligned
493,True,mouse,True,True,256.942714667,SH,False,imgT_aiT,aligned
494,False,mouse,False,False,229.129500184,SH,False,imgF_aiF,aligned
495,True,mouse,True,True,363.765577571,SH,False,imgT_aiT,aligned
496,True,mouse,True,True,219.682480582,SH,False,imgT_aiT,aligned
497,True,mouse,True,True,107.601835333,SH,False,imgT_aiT,aligned
498,True,mouse,True,True,147.087101354,SH,False,imgT_aiT,aligned
499,True,mouse,True,True,137.2,SH,False,imgT_aiT,aligned
500,True,mouse,True,True,364.741257598,SH,False,imgT_aiT,aligned
501,False,mouse,False,False,41.1416479147,SH,False,imgF_aiF,aligned
502,False,mouse,True,True,171.341327586,SH,False,imgT_aiT,aligned
503,True,mouse,False,True,137.987010914,SH,False,imgT_aiF,not-aligned
504,True,mouse,True,True,194.376145238,SH,False,imgT_aiT,aligned
505,False,mouse,False,False,408.885466954,SH,False,imgF_aiF,aligned
506,False,mouse,False,False,485.436420571,SH,False,imgF_aiF,aligned
507,True,mouse,False,True,391.167651108,SH,False,imgT_aiF,not-aligned
508,False,mouse,False,False,341.194141771,SH,False,imgF_aiF,aligned
509,True,mouse,True,True,404.459519253,SH,False,imgT_aiT,aligned
510,True,mouse,True,True,50.0653652753,SH,False,imgT_aiT,aligned
511,False,mouse,False,False,307.983655449,SH,False,imgF_aiF,aligned
512,False,mouse,False,False,85.7804771499,SH,False,imgF_aiF,aligned
513,False,mouse,False,False,215.483755972,SH,False,imgF_aiF,aligned
514,True,mouse,True,True,350.7145871,SH,False,imgT_aiT,aligned
515,True,mouse,True,True,412.075075696,SH,False,imgT_aiT,aligned
516,False,mouse,True,False,98.3632228282,SH,False,imgF_aiT,not-aligned
517,True,mouse,True,True,20.8618155488,SH,False,imgT_aiT,aligned
518,True,mouse,True,True,228.002167568,SH,False,imgT_aiT,aligned
519,True,mouse,False,True,119.006942791,SH,False,imgT_aiF,not-aligned
520,True,trackpad,,True,43.1301312214,SM,True,imgT_aiF,not-aligned
521,False,trackpad,,False,298.023198128,SM,True,imgF_aiF,aligned
522,True,trackpad,,True,274.988638186,SM,True,imgT_aiF,not-aligned
523,True,trackpad,,True,13.2987332528,SM,True,imgT_aiF,not-aligned
524,False,trackpad,,False,43.5468518247,SM,True,imgF_aiF,aligned
525,True,trackpad,,True,60.3398618456,SM,True,imgT_aiF,not-aligned
526,True,trackpad,,True,359.034778403,SM,True,imgT_aiF,not-aligned
527,False,trackpad,,False,65.9155651484,SM,True,imgF_aiF,aligned
528,True,trackpad,,True,42.3909727586,SM,True,imgT_aiF,not-aligned
529,True,trackpad,,True,11.5097202889,SM,True,imgT_aiF,not-aligned
530,True,trackpad,True,True,6.7368223943,SM,False,imgT_aiT,aligned
531,False,trackpad,True,False,377.687092792,SM,False,imgF_aiT,not-aligned
532,True,trackpad,True,True,14.1086234069,SM,False,imgT_aiT,aligned
533,False,trackpad,False,False,386.093566928,SM,False,imgF_aiF,aligned
534,True,trackpad,True,True,70.8673340669,SM,False,imgT_aiT,aligned
535,True,trackpad,True,True,5.74177384415,SM,False,imgT_aiT,aligned
536,False,trackpad,False,False,78.6086411536,SM,False,imgF_aiF,aligned
537,True,trackpad,True,True,351.929611373,SM,False,imgT_aiT,aligned
538,True,trackpad,True,True,17.5676520842,SM,False,imgT_aiT,aligned
539,True,trackpad,False,True,37.7285749843,SM,False,imgT_aiF,not-aligned
540,True,trackpad,False,True,213.146936541,SM,False,imgT_aiF,not-aligned
541,False,trackpad,False,False,414.274198038,SM,False,imgF_aiF,aligned
542,False,trackpad,False,False,358.525276965,SM,False,imgF_aiF,aligned
543,False,trackpad,True,False,21.9922499916,SM,False,imgF_aiT,not-aligned
544,False,trackpad,False,False,78.804502974,SM,False,imgF_aiF,aligned
545,True,trackpad,False,True,45.1359015758,SM,False,imgT_aiF,not-aligned
546,True,trackpad,True,True,371.043979107,SM,False,imgT_aiT,aligned
547,True,trackpad,True,True,22.9795495651,SM,False,imgT_aiT,aligned
548,False,trackpad,False,False,408.996908793,SM,False,imgF_aiF,aligned
549,False,trackpad,False,False,390.55421688,SM,False,imgF_aiF,aligned
550,False,trackpad,False,False,365.178569188,SM,False,imgF_aiF,aligned
551,False,trackpad,True,False,8.43658239004,SM,False,imgF_aiT,not-aligned
552,False,trackpad,False,False,28.0991456529,SM,False,imgF_aiF,aligned
553,False,trackpad,False,False,43.679416568,SM,False,imgF_aiF,aligned
554,False,trackpad,False,False,12.6271870316,SM,False,imgF_aiF,aligned
555,False,trackpad,False,False,8.27908541997,SM,False,imgF_aiF,aligned
556,True,trackpad,False,True,364.316641377,SM,False,imgT_aiF,not-aligned
557,True,trackpad,False,True,15.1937027159,SM,False,imgT_aiF,not-aligned
558,True,trackpad,False,True,24.2355349623,SM,False,imgT_aiF,not-aligned
559,True,trackpad,True,True,61.9161727043,SM,False,imgT_aiT,aligned
560,False,trackpad,,False,398.478626182,P,True,imgF_aiF,aligned
561,False,trackpad,,False,142.804441843,P,True,imgF_aiF,aligned
562,False,trackpad,,False,16.3481025783,P,True,imgF_aiF,aligned
563,False,trackpad,,False,24.932742533,P,True,imgF_aiF,aligned
564,True,trackpad,,True,284.414144684,P,True,imgT_aiF,not-aligned
565,True,trackpad,,False,12.9353785868,P,True,imgF_aiF,aligned
566,False,trackpad,,False,337.552946003,P,True,imgF_aiF,aligned
567,False,trackpad,,False,195.452816036,P,True,imgF_aiF,aligned
568,False,trackpad,,False,8.04023425564,P,True,imgF_aiF,aligned
569,True,trackpad,,True,87.7747077318,P,True,imgT_aiF,not-aligned
570,False,trackpad,False,False,354.670613249,P,False,imgF_aiF,aligned
571,True,trackpad,True,True,66.6951226319,P,False,imgT_aiT,aligned
572,True,trackpad,True,True,38.9860220384,P,False,imgT_aiT,aligned
573,True,trackpad,True,True,21.1647646439,P,False,imgT_aiT,aligned
574,True,trackpad,True,True,15.4309256238,P,False,imgT_aiT,aligned
575,False,trackpad,False,False,317.995429378,P,False,imgF_aiF,aligned
576,False,trackpad,False,False,34.2480784736,P,False,imgF_aiF,aligned
577,True,trackpad,True,True,125.667522052,P,False,imgT_aiT,aligned
578,True,trackpad,False,False,8.60374343492,P,False,imgF_aiF,aligned
579,True,trackpad,True,True,4.36683420812,P,False,imgT_aiT,aligned
580,False,trackpad,True,False,143.336812049,P,False,imgF_aiT,not-aligned
581,True,trackpad,True,True,41.4638495613,P,False,imgT_aiT,aligned
582,False,trackpad,False,False,345.382474894,P,False,imgF_aiF,aligned
583,False,trackpad,False,False,302.42060225,P,False,imgF_aiF,aligned
584,False,trackpad,False,True,359.891771352,P,False,imgT_aiF,not-aligned
585,False,trackpad,False,False,166.584884103,P,False,imgF_aiF,aligned
586,True,trackpad,True,True,348.06277332,P,False,imgT_aiT,aligned
587,False,trackpad,True,False,367.08833715,P,False,imgF_aiT,not-aligned
588,True,trackpad,False,True,11.8405430751,P,False,imgT_aiF,not-aligned
589,True,trackpad,True,True,211.584400428,P,False,imgT_aiT,aligned
590,False,trackpad,True,False,294.275705522,P,False,imgF_aiT,not-aligned
591,False,trackpad,False,False,324.098616106,P,False,imgF_aiF,aligned
592,False,trackpad,False,False,52.2550059205,P,False,imgF_aiF,aligned
593,True,trackpad,True,True,315.831949315,P,False,imgT_aiT,aligned
594,False,trackpad,False,False,328.277270895,P,False,imgF_aiF,aligned
595,True,trackpad,True,True,51.8091894703,P,False,imgT_aiT,aligned
596,False,trackpad,False,False,42.8257429159,P,False,imgF_aiF,aligned
597,False,trackpad,False,False,338.467655005,P,False,imgF_aiF,aligned
598,False,trackpad,False,False,29.3606672351,P,False,imgF_aiF,aligned
599,False,trackpad,False,False,23.794042248,P,False,imgF_aiF,aligned
600,False,trackpad,,False,430.442309974,SAW,True,imgF_aiF,aligned
601,True,trackpad,,True,361.390537362,SAW,True,imgT_aiF,not-aligned
602,True,trackpad,,True,94.9016671161,SAW,True,imgT_aiF,not-aligned
603,False,trackpad,,False,434.808136195,SAW,True,imgF_aiF,aligned
604,True,trackpad,,True,129.499819143,SAW,True,imgT_aiF,not-aligned
605,False,trackpad,,False,195.383021765,SAW,True,imgF_aiF,aligned
606,True,trackpad,,True,58.0775639298,SAW,True,imgT_aiF,not-aligned
607,False,trackpad,,False,69.2272404829,SAW,True,imgF_aiF,aligned
608,False,trackpad,,False,437.141391546,SAW,True,imgF_aiF,aligned
609,False,trackpad,,False,114.457303758,SAW,True,imgF_aiF,aligned
610,True,trackpad,True,True,349.890786271,SAW,False,imgT_aiT,aligned
611,True,trackpad,False,True,10.379545966,SAW,False,imgT_aiF,not-aligned
612,True,trackpad,False,True,82.9277960024,SAW,False,imgT_aiF,not-aligned
613,True,trackpad,True,True,119.720189991,SAW,False,imgT_aiT,aligned
614,True,trackpad,True,True,30.7774963799,SAW,False,imgT_aiT,aligned
615,False,trackpad,False,False,380.708437582,SAW,False,imgF_aiF,aligned
616,False,trackpad,False,False,374.896169838,SAW,False,imgF_aiF,aligned
617,True,trackpad,True,True,387.995497616,SAW,False,imgT_aiT,aligned
618,False,trackpad,False,False,427.02265634,SAW,False,imgF_aiF,aligned
619,True,trackpad,True,True,385.64590271,SAW,False,imgT_aiT,aligned
620,False,trackpad,True,False,49.5723536728,SAW,False,imgF_aiT,not-aligned
621,False,trackpad,False,False,508.888486027,SAW,False,imgF_aiF,aligned
622,True,trackpad,True,True,298.672509816,SAW,False,imgT_aiT,aligned
623,False,trackpad,False,False,49.8585495459,SAW,False,imgF_aiF,aligned
624,True,trackpad,False,True,78.3556538823,SAW,False,imgT_aiF,not-aligned
625,True,trackpad,True,True,335.148690171,SAW,False,imgT_aiT,aligned
626,True,trackpad,True,True,33.0995024508,SAW,False,imgT_aiT,aligned
627,True,trackpad,True,True,81.3786708964,SAW,False,imgT_aiT,aligned
628,True,trackpad,True,True,14.6184336149,SAW,False,imgT_aiT,aligned
629,True,trackpad,True,True,8.18057814131,SAW,False,imgT_aiT,aligned
630,True,trackpad,True,True,27.1727730124,SAW,False,imgT_aiT,aligned
631,True,trackpad,False,True,41.350775821,SAW,False,imgT_aiF,not-aligned
632,False,trackpad,True,False,264.264977496,SAW,False,imgF_aiT,not-aligned
633,True,trackpad,True,True,36.9960112545,SAW,False,imgT_aiT,aligned
634,False,trackpad,False,False,133.053469467,SAW,False,imgF_aiF,aligned
635,True,trackpad,True,True,43.715612885,SAW,False,imgT_aiT,aligned
636,False,trackpad,False,False,88.2982556388,SAW,False,imgF_aiF,aligned
637,True,trackpad,False,True,9.57185666584,SAW,False,imgT_aiF,not-aligned
638,True,trackpad,True,True,297.150373547,SAW,False,imgT_aiT,aligned
639,True,trackpad,True,True,47.6550148539,SAW,False,imgT_aiT,aligned
640,True,mouse,,True,228.030870715,TM,True,imgT_aiF,not-aligned
641,False,mouse,,False,58.9095226817,TM,True,imgF_aiF,aligned
642,True,mouse,,True,402.375091984,TM,True,imgT_aiF,not-aligned
643,True,mouse,,True,93.1060342296,TM,True,imgT_aiF,not-aligned
644,False,mouse,,False,318.849266321,TM,True,imgF_aiF,aligned
645,True,mouse,,True,159.534744913,TM,True,imgT_aiF,not-aligned
646,False,mouse,,False,267.96392607,TM,True,imgF_aiF,aligned
647,False,mouse,,False,212.012351,TM,True,imgF_aiF,aligned
648,True,mouse,,True,77.8386161914,TM,True,imgT_aiF,not-aligned
649,False,mouse,,False,31.2638633101,TM,True,imgF_aiF,aligned
650,True,mouse,False,False,65.5084384911,TM,False,imgF_aiF,aligned
651,False,mouse,True,False,38.6508722223,TM,False,imgF_aiT,not-aligned
652,True,mouse,True,True,82.7904450561,TM,False,imgT_aiT,aligned
653,False,mouse,False,False,45.3912381322,TM,False,imgF_aiF,aligned
654,True,mouse,True,True,74.1357867059,TM,False,imgT_aiT,aligned
655,True,mouse,True,True,69.198762115,TM,False,imgT_aiT,aligned
656,True,mouse,True,True,47.0308766905,TM,False,imgT_aiT,aligned
657,True,mouse,True,True,13.0529718274,TM,False,imgT_aiT,aligned
658,True,mouse,True,True,44.9089412678,TM,False,imgT_aiT,aligned
659,False,mouse,False,True,37.2912338541,TM,False,imgT_aiF,not-aligned
660,True,mouse,False,True,174.630914638,TM,False,imgT_aiF,not-aligned
661,True,mouse,False,True,335.900877872,TM,False,imgT_aiF,not-aligned
662,False,mouse,False,False,199.645018059,TM,False,imgF_aiF,aligned
663,True,mouse,False,True,94.4535144893,TM,False,imgT_aiF,not-aligned
664,False,mouse,False,False,250.960045163,TM,False,imgF_aiF,aligned
665,True,mouse,False,True,12.1753775713,TM,False,imgT_aiF,not-aligned
666,False,mouse,False,False,284.968043911,TM,False,imgF_aiF,aligned
667,True,mouse,True,True,109.153482445,TM,False,imgT_aiT,aligned
668,False,mouse,True,True,348.27727146,TM,False,imgT_aiT,aligned
669,False,mouse,False,False,200.887900302,TM,False,imgF_aiF,aligned
670,False,mouse,False,False,45.9617139182,TM,False,imgF_aiF,aligned
671,False,mouse,False,False,21.3050323822,TM,False,imgF_aiF,aligned
672,False,mouse,False,False,48.8332977196,TM,False,imgF_aiF,aligned
673,True,mouse,False,True,327.773270964,TM,False,imgT_aiF,not-aligned
674,True,mouse,True,True,190.534858044,TM,False,imgT_aiT,aligned
675,False,mouse,True,False,15.4655463492,TM,False,imgF_aiT,not-aligned
676,True,mouse,True,True,80.8063641404,TM,False,imgT_aiT,aligned
677,False,mouse,False,False,43.4521686565,TM,False,imgF_aiF,aligned
678,True,mouse,True,True,35.058106777,TM,False,imgT_aiT,aligned
679,True,mouse,True,True,158.665482602,TM,False,imgT_aiT,aligned
680,True,trackpad,,True,406.267028695,vs,True,imgT_aiF,not-aligned
681,True,trackpad,,True,36.4989423383,vs,True,imgT_aiF,not-aligned
682,False,trackpad,,False,60.0800386862,vs,True,imgF_aiF,aligned
683,False,trackpad,,False,24.0870179156,vs,True,imgF_aiF,aligned
684,False,trackpad,,False,18.7200695724,vs,True,imgF_aiF,aligned
685,True,trackpad,,True,152.62733215,vs,True,imgT_aiF,not-aligned
686,True,trackpad,,True,58.7444473355,vs,True,imgT_aiF,not-aligned
687,True,trackpad,,True,158.3623914,vs,True,imgT_aiF,not-aligned
688,True,trackpad,,True,27.2733903531,vs,True,imgT_aiF,not-aligned
689,True,trackpad,,True,5.62225542799,vs,True,imgT_aiF,not-aligned
690,True,trackpad,True,True,26.3238589747,vs,False,imgT_aiT,aligned
691,True,trackpad,True,True,22.0796443122,vs,False,imgT_aiT,aligned
692,False,trackpad,True,False,326.825160242,vs,False,imgF_aiT,not-aligned
693,True,trackpad,True,True,24.8389542,vs,False,imgT_aiT,aligned
694,True,trackpad,True,True,28.6630707507,vs,False,imgT_aiT,aligned
695,True,trackpad,True,True,44.0742324003,vs,False,imgT_aiT,aligned
696,False,trackpad,True,True,19.9570398678,vs,False,imgT_aiT,aligned
697,False,trackpad,False,False,19.7111509608,vs,False,imgF_aiF,aligned
698,True,trackpad,False,True,33.5701224462,vs,False,imgT_aiF,not-aligned
699,False,trackpad,False,False,16.6569816418,vs,False,imgF_aiF,aligned
700,True,trackpad,True,True,24.7356376855,vs,False,imgT_aiT,aligned
701,True,trackpad,True,True,19.3349900914,vs,False,imgT_aiT,aligned
702,True,trackpad,True,True,15.2755916182,vs,False,imgT_aiT,aligned
703,False,trackpad,True,False,28.8551058131,vs,False,imgF_aiT,not-aligned
704,True,trackpad,True,True,37.0826855728,vs,False,imgT_aiT,aligned
705,True,trackpad,True,True,150.650158402,vs,False,imgT_aiT,aligned
706,True,trackpad,True,True,30.2955441155,vs,False,imgT_aiT,aligned
707,False,trackpad,False,False,28.001757402,vs,False,imgF_aiF,aligned
708,True,trackpad,True,True,30.3373461474,vs,False,imgT_aiT,aligned
709,True,trackpad,True,True,8.91639142722,vs,False,imgT_aiT,aligned
710,False,trackpad,False,False,282.225432958,vs,False,imgF_aiF,aligned
711,True,trackpad,True,True,19.2970783249,vs,False,imgT_aiT,aligned
712,True,trackpad,False,True,9.26339318076,vs,False,imgT_aiF,not-aligned
713,True,trackpad,True,True,11.1085402147,vs,False,imgT_aiT,aligned
714,False,trackpad,True,False,319.642253529,vs,False,imgF_aiT,not-aligned
715,False,trackpad,True,False,370.462388467,vs,False,imgF_aiT,not-aligned
716,True,trackpad,True,True,31.8654608488,vs,False,imgT_aiT,aligned
717,False,trackpad,False,False,52.1888455696,vs,False,imgF_aiF,aligned
718,True,trackpad,True,True,12.0939886796,vs,False,imgT_aiT,aligned
719,False,trackpad,True,False,5.49727953916,vs,False,imgF_aiT,not-aligned
720,True,mouse,,True,15.584585368,SR,True,imgT_aiF,not-aligned
721,True,mouse,,True,20.1835872192,SR,True,imgT_aiF,not-aligned
722,False,mouse,,False,21.0237819273,SR,True,imgF_aiF,aligned
723,True,mouse,,True,13.0912647314,SR,True,imgT_aiF,not-aligned
724,True,mouse,,True,2.18015855359,SR,True,imgT_aiF,not-aligned
725,True,mouse,,True,3.98571439549,SR,True,imgT_aiF,not-aligned
726,False,mouse,,False,14.6639292726,SR,True,imgF_aiF,aligned
727,False,mouse,,False,19.7205682478,SR,True,imgF_aiF,aligned
728,True,mouse,,True,260.576036546,SR,True,imgT_aiF,not-aligned
729,True,mouse,,True,8.40410864344,SR,True,imgT_aiF,not-aligned
730,True,mouse,True,True,96.3749488907,SR,False,imgT_aiT,aligned
731,True,mouse,False,False,17.723007959,SR,False,imgF_aiF,aligned
732,True,mouse,True,True,86.5691162941,SR,False,imgT_aiT,aligned
733,True,mouse,True,True,30.7945250693,SR,False,imgT_aiT,aligned
734,True,mouse,True,True,15.3084371676,SR,False,imgT_aiT,aligned
735,True,mouse,True,True,11.4510669102,SR,False,imgT_aiT,aligned
736,True,mouse,True,True,4.37198433641,SR,False,imgT_aiT,aligned
737,True,mouse,True,True,11.3248291823,SR,False,imgT_aiT,aligned
738,True,mouse,True,True,17.8730776928,SR,False,imgT_aiT,aligned
739,True,mouse,True,True,6.29897464739,SR,False,imgT_aiT,aligned
740,True,mouse,False,True,14.2738382832,SR,False,imgT_aiF,not-aligned
741,True,mouse,True,True,4.21263602013,SR,False,imgT_aiT,aligned
742,False,mouse,False,False,16.4429278362,SR,False,imgF_aiF,aligned
743,True,mouse,True,True,10.42389014,SR,False,imgT_aiT,aligned
744,True,mouse,True,True,41.9203942292,SR,False,imgT_aiT,aligned
745,False,mouse,False,False,15.1944973873,SR,False,imgF_aiF,aligned
746,True,mouse,True,True,325.336332183,SR,False,imgT_aiT,aligned
747,True,mouse,True,True,14.0625699065,SR,False,imgT_aiT,aligned
748,True,mouse,False,False,362.580846233,SR,False,imgF_aiF,aligned
749,True,mouse,True,True,38.6757679292,SR,False,imgT_aiT,aligned
750,False,mouse,True,False,10.9753484315,SR,False,imgF_aiT,not-aligned
751,True,mouse,True,True,485.743625342,SR,False,imgT_aiT,aligned
752,False,mouse,False,False,22.7773701083,SR,False,imgF_aiF,aligned
753,True,mouse,True,True,3.65762879371,SR,False,imgT_aiT,aligned
754,True,mouse,True,True,4.05601492665,SR,False,imgT_aiT,aligned
755,True,mouse,True,True,23.330334615,SR,False,imgT_aiT,aligned
756,True,mouse,True,True,22.4605111205,SR,False,imgT_aiT,aligned
757,True,mouse,True,True,40.2853568088,SR,False,imgT_aiT,aligned
758,False,mouse,True,False,298.481482296,SR,False,imgF_aiT,not-aligned
759,False,mouse,False,False,41.827284391,SR,False,imgF_aiF,aligned
